"CITYNAME","CITYID","NAHIE","KEYNO","ADDRESS_CODE","FREQ","TYPEOFUSE","ZARFIAT","ZIRBANA","TEDADVAHED","SHAHRROSTA","MAXMASRAFSAAT"
"اردبيل ","001","002","23000121934","051608310000","B","40","6","80","1","1021","6"
"اردبيل ","001","002","23000139193","051600860000","B","40","6","100","1","1021","6"
"اردبيل ","001","002","23000140409","051600860001","B","40","6","100","1","1021","6"
"اردبيل ","001","002","23000145012","051600270001","B","40","10","140","1","1021","10"
"اردبيل ","001","002","23000141907","051600860002","B","40","6","100","1","1021","6"
"اردبيل ","001","002","23000143599","051600270000","B","40","6","80","1","1021","6"
"اردبيل ","001","002","23000245400","051601040000","B","40","6","80","1","1021","6"
"اردبيل ","001","002","23000374123","051603420001","B","40","6","60","1","1021","6"
"اردبيل ","001","002","23000337051","051608680000","B","40","6","80","1","1021","6"
"اردبيل ","001","002","23000420394","051601720000","B","40","6","80","1","1021","6"
"اردبيل ","001","002","23000423306","051601720002","B","40","6","80","1","1021","6"
"اردبيل ","001","002","23000421882","051601720001","B","40","6","80","1","1021","6"
"اردبيل ","001","002","23000524545","051603910001","B","40","6","90","1","1021","6"
"اردبيل ","001","002","23000473770","051601290000","B","40","6","70","1","1021","6"
"اردبيل ","001","002","23000523057","051603910000","B","40","6","90","1","1021","6"
"اردبيل ","001","002","23000714766","051608820001","B","40","6","27","1","1021","6"
"اردبيل ","001","002","23000964749","051604020000","B","40","6","70","1","1021","6"
"اردبيل ","001","002","23001165540","051601510000","B","40","6","70","1","1021","6"
"اردبيل ","001","002","23001461047","051605940000","B","40","6","80","1","1021","5.4000000000000004"
"اردبيل ","001","002","23001899821","051608210000","B","40","6","80","1","1021","6"
"اردبيل ","001","002","23001837141","051601190000","B","40","6","70","1","1021","6"
"اردبيل ","001","002","23002151510","051600370001","B","40","6","120","1","1021","6"
"اردبيل ","001","002","23002153406","051600370000","B","40","6","120","1","1021","6"
"اردبيل ","001","002","23002353535","051605370000","B","40","6","90","1","1021","5.7000000000000002"
"اردبيل ","001","002","23002375905","051601130002","B","40","6","90","1","1021","6"
"اردبيل ","001","002","23002371906","051601130000","B","40","6","90","1","1021","6"
"اردبيل ","001","002","23002373724","051601130001","B","40","6","90","1","1021","6"
"اردبيل ","001","002","23002474500","051608280000","B","40","6","45","1","1021","6"
"اردبيل ","001","002","23002792240","051600690000","B","40","6","110","1","1021","6"
"اردبيل ","001","002","23002754554","051609000000","B","40","6","45","1","1021","6"
"اردبيل ","001","002","23002713904","051604010000","B","40","6","80","1","1021","6"
"اردبيل ","001","002","23002654224","051604590001","B","40","6","95","1","1021","6"
"اردبيل ","001","002","23002779415","051600700001","B","40","6","60","1","1021","6"
"اردبيل ","001","002","23002932007","051608710000","B","40","6","70","1","1021","6"
"اردبيل ","001","002","23002924350","051601000000","B","40","6","80","1","1021","6"
"اردبيل ","001","002","23003216246","051605630000","B","40","6","90","1","1021","3.8999999999999999"
"اردبيل ","001","002","23003120548","051605300000","B","40","6","50","1","1021","6"
"اردبيل ","001","002","23003147806","051606310000","B","40","6","80","1","1021","6"
"اردبيل ","001","002","23003192330","051605670000","B","40","6","90","1","1021","4.2000000000000002"
"اردبيل ","001","002","23003300782","051600980000","B","40","6","100","1","1021","6"
"اردبيل ","001","002","23003436406","051600290000","B","40","6","80","1","1021","6"
"اردبيل ","001","002","23003302080","051600980001","B","40","6","100","1","1021","6"
"اردبيل ","001","002","23003303636","051600980002","B","40","6","100","1","1021","6"
"اردبيل ","001","002","23003438224","051600290002","B","40","10","140","1","1021","10"
"اردبيل ","001","002","23003581329","051606370000","B","40","6","80","1","1021","2.7000000000000002"
"اردبيل ","001","002","23003622864","051600600000","B","40","6","110","1","1021","6"
"اردبيل ","001","002","23003717200","051605610000","B","40","6","100","1","1021","5.4000000000000004"
"اردبيل ","001","002","23003732423","051606330000","B","40","6","80","1","1021","3.2999999999999998"
"اردبيل ","001","002","23003538328","051606360000","B","40","6","50","1","1021","4.2000000000000002"
"اردبيل ","001","002","23003756317","051606280000","B","40","6","80","1","1021","6"
"اردبيل ","001","002","23003885787","051601110001","B","40","6","100","1","1021","6"
"اردبيل ","001","002","23003865714","051603510000","B","40","6","66","1","1021","6"
"اردبيل ","001","002","23003993980","051606350000","B","40","6","60","1","1021","3.2999999999999998"
"اردبيل ","001","002","23004058879","051604140001","B","40","6","90","1","1021","6"
"اردبيل ","001","002","23004041202","051600730000","B","40","6","65","1","1021","6"
"اردبيل ","001","002","23004042859","051600730001","B","40","6","65","1","1021","6"
"اردبيل ","001","002","23004065549","051605620000","B","40","6","90","1","1021","5.4000000000000004"
"اردبيل ","001","002","23004060709","051604140000","B","40","6","90","1","1021","6"
"اردبيل ","001","002","23004076660","051604330000","B","40","6","60","1","1021","6"
"اردبيل ","001","002","23004105075","051606180000","B","40","6","80","1","1021","2.7000000000000002"
"اردبيل ","001","002","23004231876","051609120000","B","40","6","80","1","1021","6"
"اردبيل ","001","002","23004457038","051603450000","B","40","6","120","1","1021","6"
"اردبيل ","001","002","23004740704","051605870001","B","40","6","50","1","1021","6"
"اردبيل ","001","002","23004691974","051609360000","B","40","6","80","1","1021","6"
"اردبيل ","001","002","23005069061","051606300000","B","40","6","80","1","1021","4.7999999999999998"
"اردبيل ","001","002","23005440095","051604760000","B","40","6","70","1","1021","6"
"اردبيل ","001","002","23005401900","051600570001","B","40","6","80","1","1021","6"
"اردبيل ","001","002","23005392527","051608660000","B","40","6","70","1","1021","6"
"اردبيل ","001","002","23005175210","051606390000","B","40","6","80","1","1021","5.5"
"اردبيل ","001","002","23005453093","051600860003","B","40","6","80","1","1021","6"
"اردبيل ","001","002","23005701564","051603880001","B","40","6","100","1","1021","6"
"اردبيل ","001","002","23005665095","051604090000","B","40","6","80","1","1021","6"
"اردبيل ","001","002","23005699486","051603890001","B","40","6","100","1","1021","6"
"اردبيل ","001","002","23005620161","051606190000","B","40","6","100","1","1021","2.7000000000000002"
"اردبيل ","001","002","23005809351","051608860000","B","40","6","40","1","1021","6"
"اردبيل ","001","002","23005842208","051608940000","B","40","6","65","1","1021","6"
"اردبيل ","001","002","23005845809","051606340001","B","40","6","60","1","1021","6"
"اردبيل ","001","002","23005847569","051606340000","B","40","6","60","1","1021","6"
"اردبيل ","001","002","23005884404","051605920000","B","40","6","115","1","1021","6"
"اردبيل ","001","002","23005999266","051604170000","B","40","6","60","1","1021","6"
"اردبيل ","001","002","23006097237","051604350000","B","40","6","80","1","1021","6"
"اردبيل ","001","002","23006065822","051604180000","B","40","6","60","1","1021","6"
"اردبيل ","001","002","23006018832","051606040000","B","40","6","100","1","1021","4.7999999999999998"
"اردبيل ","001","002","23006394742","051605220000","B","40","6","60","1","1021","2.6000000000000001"
"اردبيل ","001","002","23006241900","051606050000","B","40","10","140","2","1021","10"
"اردبيل ","001","002","23006216348","051600810000","B","40","6","77","1","1021","6"
"اردبيل ","001","002","23006367204","051604400000","B","40","6","90","1","1021","6"
"اردبيل ","001","002","23006401729","051606320000","B","40","6","80","1","1021","3"
"اردبيل ","001","002","23006403194","051605660000","B","40","10","80","2","1021","7.0999999999999996"
"اردبيل ","001","002","23006217836","051600790000","B","40","6","60","1","1021","6"
"اردبيل ","001","002","23006472318","051603210001","B","40","6","65","1","1021","6"
"اردبيل ","001","002","23006543960","051604770000","B","40","6","80","1","1021","2.7000000000000002"
"اردبيل ","001","002","23006470500","051603210000","B","40","6","65","1","1021","6"
"اردبيل ","001","002","23006474136","051603210002","B","40","6","65","1","1021","6"
"اردبيل ","001","002","23006747920","051603900001","B","40","6","90","1","1021","6"
"اردبيل ","001","002","23006663969","051604340000","B","40","6","60","1","1021","6"
"اردبيل ","001","002","23006699420","051605270001","B","40","6","100","1","1021","6"
"اردبيل ","001","002","23006953015","051603580000","B","40","6","60","1","1021","6"
"اردبيل ","001","002","23006951650","051603570000","B","40","6","60","1","1021","6"
"اردبيل ","001","002","23007156214","051606380000","B","40","6","80","1","1021","5.4000000000000004"
"اردبيل ","001","002","23007159236","051604210010","B","40","6","100","1","1021","6"
"اردبيل ","001","002","23007488735","051608300000","B","40","6","60","1","1021","6"
"اردبيل ","001","002","23007411002","051603920001","B","40","6","110","1","1021","6"
"اردبيل ","001","002","23007409751","051603920000","B","40","6","110","1","1021","6"
"اردبيل ","001","002","23007429361","051608850000","B","40","6","80","1","1021","6"
"اردبيل ","001","002","23007497686","051606240000","B","40","6","80","1","1021","4.5"
"اردبيل ","001","002","23007447969","051600680000","B","40","6","80","1","1021","6"
"اردبيل ","001","002","23007740385","051605480000","B","40","6","70","1","1021","6"
"اردبيل ","001","002","23007635035","051604180001","B","40","6","65","1","1021","6"
"اردبيل ","001","002","23007602427","051600910000","B","40","6","120","1","1021","6"
"اردبيل ","001","002","23007747228","051600780000","B","40","6","70","1","1021","6"
"اردبيل ","001","002","23008407230","051601110000","B","40","6","80","1","1021","6"
"اردبيل ","001","002","23008316088","051604590000","B","40","6","100","1","1021","4.7999999999999998"
"اردبيل ","001","002","23008366216","051605650000","B","40","6","90","1","1021","5.7000000000000002"
"اردبيل ","001","002","23008454004","051604230000","B","40","6","100","1","1021","6"
"اردبيل ","001","002","23008523181","051609090000","B","40","6","50","1","1021","6"
"اردبيل ","001","002","23008523829","051605250000","B","40","6","90","1","1021","3.8999999999999999"
"اردبيل ","001","002","23008677707","051605770000","B","26","10","25","1","1021","10"
"اردبيل ","001","002","23009098474","051605110000","B","40","16","250","3","1021","16"
"اردبيل ","001","002","23009150043","051606230000","B","40","6","80","1","1021","4.5"
"اردبيل ","001","002","23009357310","051603840000","B","40","6","100","1","1021","6"
"اردبيل ","001","002","23009370203","051600800000","B","20","6","28","1","1021","6"
"اردبيل ","001","002","23009450923","051603930000","B","40","6","100","1","1021","6"
"اردبيل ","001","002","23009526374","051603940000","B","40","6","80","1","1021","6"
"اردبيل ","001","002","23009532361","051606060000","B","40","6","90","1","1021","6"
"اردبيل ","001","002","23009533850","051606060001","B","40","6","90","1","1021","6"
"اردبيل ","001","002","23009728800","051604660000","B","40","6","100","1","1021","4.7999999999999998"
"اردبيل ","001","002","23009842933","051609080000","B","40","6","40","1","1021","6"
"اردبيل ","001","002","23009771006","051603810000","B","40","6","90","1","1021","6"
"اردبيل ","001","002","23010380006","051600650000","B","40","6","80","1","1021","6"
"اردبيل ","001","002","23010388389","051603770000","B","40","6","80","1","1021","6"
"اردبيل ","001","002","23010587509","051603870002","B","40","6","100","1","1021","6"
"اردبيل ","001","002","23010588870","051603870003","B","40","6","100","1","1021","6"
"اردبيل ","001","002","23010545186","051603080000","B","40","6","70","1","1021","6"
"اردبيل ","001","002","23010546674","051603080001","B","40","6","70","1","1021","6"
"اردبيل ","001","002","23010585564","051603870001","B","40","6","100","1","1021","6"
"اردبيل ","001","002","23010602174","051600370002","B","40","6","70","1","1021","6"
"اردبيل ","001","002","23010603662","051600370003","B","40","6","70","1","1021","6"
"اردبيل ","001","002","23010608629","051600380000","B","20","6","70","1","1021","6"
"اردبيل ","001","002","23010606458","051600390000","B","20","6","70","1","1021","6"
"اردبيل ","001","002","23010605549","051600400000","B","20","6","70","1","1021","6"
"اردبيل ","001","002","23010690972","051606070000","B","20","6","10","1","1021","6"
"اردبيل ","001","002","23010794544","051605290000","B","40","6","80","1","1021","3.8999999999999999"
"اردبيل ","001","002","23010703245","051600720000","B","40","10","140","1","1021","10"
"اردبيل ","001","002","23010783943","051605280000","B","40","6","90","1","1021","3.8999999999999999"
"اردبيل ","001","002","23010788036","051603760000","B","40","6","70","1","1021","6"
"اردبيل ","001","002","23010867268","051605530000","B","25","16","50","1","1021","16"
"اردبيل ","001","002","23011221399","051600750000","B","40","10","150","1","1021","10"
"اردبيل ","001","002","23011273630","051604060000","B","40","6","80","1","1021","6"
"اردبيل ","001","002","23011388107","051604260000","B","40","6","60","1","1021","6"
"اردبيل ","001","002","23011607185","051607300000","B","40","6","45","1","1021","6"
"اردبيل ","001","002","23011674138","051604410000","B","40","6","45","1","1021","6"
"اردبيل ","001","002","23011851066","051601090000","B","40","6","90","1","1021","6"
"اردبيل ","001","002","23012251961","051604200003","B","40","6","100","1","1021","6"
"اردبيل ","001","002","23012250473","051604200002","B","40","6","100","1","1021","6"
"اردبيل ","001","002","23012341047","051605430001","B","40","6","100","1","1021","6"
"اردبيل ","001","002","23012330967","051600770000","B","40","6","85","1","1021","6"
"اردبيل ","001","002","23012398128","051604530001","B","40","6","50","1","1021","6"
"اردبيل ","001","002","23012266493","051601180000","B","40","6","85","1","1021","6"
"اردبيل ","001","002","23012439505","051606430010","B","20","6","70","1","1021","6"
"اردبيل ","001","002","23012407738","051603190000","B","40","6","60","1","1021","6"
"اردبيل ","001","002","23012737104","051608320000","B","40","6","100","1","1021","6"
"اردبيل ","001","002","23012724106","051603470000","B","40","6","100","1","1021","6"
"اردبيل ","001","002","23012725604","051603470001","B","40","6","100","1","1021","6"
"اردبيل ","001","002","23012851690","051605930000","B","40","6","80","1","1021","4.7999999999999998"
"اردبيل ","001","002","23012917701","051600910001","B","40","6","100","1","1021","6"
"اردبيل ","001","002","23013003399","051604240000","B","40","6","100","1","1021","6"
"اردبيل ","001","002","23012965306","051601290001","B","40","6","70","1","1021","6"
"اردبيل ","001","002","23013018331","051601290002","B","40","6","70","1","1021","6"
"اردبيل ","001","002","23013192805","051605270000","B","40","6","80","1","1021","5.4000000000000004"
"اردبيل ","001","002","23013365622","051604190000","B","40","6","70","1","1021","6"
"اردبيل ","001","002","23013649439","051609150000","B","40","6","70","1","1021","6"
"اردبيل ","001","002","23013783750","051604670000","B","40","6","75","1","1021","6"
"اردبيل ","001","002","23013817937","051608960000","B","40","6","50","1","1021","6"
"اردبيل ","001","002","23014066343","051601070001","B","40","6","50","1","1021","6"
"اردبيل ","001","002","23014064525","051601070000","B","40","6","50","1","1021","6"
"اردبيل ","001","002","23014160630","051604100000","B","40","6","100","1","1021","6"
"اردبيل ","001","002","23016717356","051608800001","B","40","6","100","1","1021","6"
"اردبيل ","001","002","23016127251","051601220000","B","40","6","100","1","1021","6"
"اردبيل ","001","002","23016130680","051601220002","B","40","6","100","1","1021","6"
"اردبيل ","001","002","23014862700","051601150000","B","40","6","80","1","1021","6"
"اردبيل ","001","002","23015601414","051606020000","B","40","6","100","1","1021","4.7999999999999998"
"اردبيل ","001","002","23014162221","051604100001","B","40","6","100","1","1021","6"
"اردبيل ","001","002","23017042610","051600560001","B","40","6","100","1","1021","6"
"اردبيل ","001","002","23016651302","051605520001","B","40","6","100","1","1021","6"
"اردبيل ","001","002","23017013069","051601630001","B","40","6","60","1","1021","6"
"اردبيل ","001","002","23014254972","051604600000","B","40","6","100","1","1021","4.2000000000000002"
"اردبيل ","001","002","23016816540","051609180000","B","40","6","40","1","1021","6"
"اردبيل ","001","002","23015040802","051601730000","B","40","6","80","1","1021","6"
"اردبيل ","001","002","23017014036","051601630000","B","40","6","60","1","1021","6"
"اردبيل ","001","002","23015333401","051604610000","B","40","6","55","1","1021","6"
"اردبيل ","001","002","23014452909","051600540000","B","40","6","100","1","1021","6"
"اردبيل ","001","002","23014163593","051604100002","B","40","6","100","1","1021","6"
"اردبيل ","001","002","23016241679","051600110000","B","40","6","0","1","1021","4.7999999999999998"
"اردبيل ","001","002","23017011603","051601630002","B","40","6","60","1","1021","6"
"اردبيل ","001","002","23017043813","051600560000","B","40","6","100","1","1021","6"
"اردبيل ","001","002","23016324437","051604720000","B","40","6","80","1","1021","6"
"اردبيل ","001","002","23016128681","051601220001","B","40","6","100","1","1021","6"
"اردبيل ","001","002","23016131883","051601220003","B","40","6","100","1","1021","6"
"اردبيل ","001","002","23015965281","051603160000","B","40","6","50","1","1021","6"
"اردبيل ","001","002","23014165017","051604100003","B","40","6","100","1","1021","6"
"اردبيل ","001","002","23014620523","051606220000","B","40","6","100","1","1021","3.2999999999999998"
"اردبيل ","001","002","23015572362","051600190000","B","20","6","30","1","1021","6"
"اردبيل ","001","002","23015632951","051606030000","B","40","6","80","1","1021","4.7999999999999998"
"اردبيل ","001","002","23015138102","051605260000","B","40","6","90","1","1021","3.2999999999999998"
"اردبيل ","001","002","23016395831","051603430000","B","40","6","70","1","1021","6"
"اردبيل ","001","002","23015523612","051601120000","B","40","6","70","1","1021","6"
"اردبيل ","001","002","23018660605","051603800000","B","40","6","80","1","1021","6"
"اردبيل ","001","002","23018673309","051604090001","B","40","6","80","1","1021","6"
"اردبيل ","001","002","23019096836","051600590002","B","40","6","85","1","1021","6"
"اردبيل ","001","002","23017934480","051606440000","B","40","6","50","1","1021","6"
"اردبيل ","001","002","23019095869","051600590001","B","40","6","85","1","1021","6"
"اردبيل ","001","002","23018851430","051600100000","B","20","10","140","1","1021","10"
"اردبيل ","001","002","23017977949","051600260000","B","20","6","36","1","1021","6"
"اردبيل ","001","002","23018596700","051600540001","B","40","6","72","1","1021","6"
"اردبيل ","001","002","23018966419","051601310000","B","40","6","100","1","1021","6"
"اردبيل ","001","002","23018968984","051601310002","B","40","6","100","1","1021","6"
"اردبيل ","001","002","23019077035","051603840001","B","40","6","80","1","1021","6"
"اردبيل ","001","002","23017954501","051604530000","B","40","6","50","1","1021","6"
"اردبيل ","001","002","23018141917","051600330000","B","40","6","80","1","1021","6"
"اردبيل ","001","002","23019490902","051606250001","B","40","6","100","1","1021","6"
"اردبيل ","001","002","23019492378","051606250002","B","40","6","100","1","1021","6"
"اردبيل ","001","002","23019494312","051606250003","B","40","6","100","1","1021","6"
"اردبيل ","001","002","23018495287","051604080000","B","40","6","40","1","1021","6"
"اردبيل ","001","002","23018545437","051604320000","B","40","6","70","1","1021","6"
"اردبيل ","001","002","23019095574","051600590000","B","40","6","85","1","1021","6"
"اردبيل ","001","002","23018432620","051605550000","B","20","10","80","1","1021","10"
"اردبيل ","001","002","23018474994","051604580002","B","40","6","80","1","1021","6"
"اردبيل ","001","002","23018671206","051604090002","B","40","6","80","1","1021","6"
"اردبيل ","001","002","23018095461","051605540000","B","20","6","18","1","1021","6"
"اردبيل ","001","002","23018816992","051606450000","B","40","6","80","1","1021","4.7999999999999998"
"اردبيل ","001","002","23017914939","051604540000","B","40","6","50","1","1021","6"
"اردبيل ","001","002","23018967260","051601310001","B","40","6","100","1","1021","6"
"اردبيل ","001","002","23018662355","051603800001","B","40","6","80","1","1021","6"
"اردبيل ","001","002","23019861235","051605320000","B","40","6","75","1","1021","6"
"اردبيل ","001","002","23020518565","051604210001","B","40","6","120","1","1021","6"
"اردبيل ","001","002","23020784806","051600080000","B","40","6","84","1","1021","3.5"
"اردبيل ","001","002","23021277220","051600490000","B","20","6","20","1","1021","6"
"اردبيل ","001","002","23020643878","051605370003","B","40","6","100","1","1021","6"
"اردبيل ","001","002","23020642506","051605370002","B","40","6","100","1","1021","6"
"اردبيل ","001","002","23020649685","051605840000","B","20","6","18","1","1021","6"
"اردبيل ","001","002","23020305949","051605810000","B","40","6","100","1","1021","6"
"اردبيل ","001","002","23020083201","051600090002","B","40","6","45","1","1021","6"
"اردبيل ","001","002","23020085010","051600090001","B","40","6","45","1","1021","6"
"اردبيل ","001","002","23019719402","051603420000","B","40","6","50","1","1021","6"
"اردبيل ","001","002","23020307304","051605810001","B","40","6","100","1","1021","6"
"اردبيل ","001","002","23020965507","051602770000","B","40","6","50","1","1021","6"
"اردبيل ","001","002","23020705822","051605590000","B","20","6","28","1","1021","6"
"اردبيل ","001","002","23020174680","051604710000","B","40","6","74","1","1021","6"
"اردبيل ","001","002","23020519995","051604210000","B","40","6","120","1","1021","6"
"اردبيل ","001","002","23021556885","051604220000","B","40","6","100","1","1021","6"
"اردبيل ","001","002","23021840930","051600280000","B","26","6","60","1","1021","6"
"اردبيل ","001","002","23022703709","051603870000","B","40","6","110","1","1021","6"
"اردبيل ","001","002","23021278944","051600510000","B","20","6","12","1","1021","6"
"اردبيل ","001","002","23021281910","051600520000","B","20","6","12","1","1021","6"
"اردبيل ","001","002","23022220604","051600200001","B","40","6","80","1","1021","6"
"اردبيل ","001","002","23021667127","051601480000","B","40","6","100","1","1021","6"
"اردبيل ","001","002","23021668783","051601480001","B","40","6","100","1","1021","6"
"اردبيل ","001","002","23021808824","051606010000","B","40","6","120","1","1021","4.2000000000000002"
"اردبيل ","001","002","23022602059","051604070000","B","40","6","90","1","1021","6"
"اردبيل ","001","002","23021283670","051600460000","B","20","6","15","1","1021","6"
"اردبيل ","001","002","23022551705","051604610001","B","40","6","60","1","1021","6"
"اردبيل ","001","002","23021280590","051600480000","B","20","6","15","1","1021","6"
"اردبيل ","001","002","23022468983","051601680001","B","40","6","100","1","1021","6"
"اردبيل ","001","002","23022959509","051600970000","B","40","6","90","1","1021","6"
"اردبيل ","001","002","23022081767","051601410000","B","40","6","100","1","1021","6"
"اردبيل ","001","002","23022789340","051600090000","B","40","6","60","1","1021","6"
"اردبيل ","001","002","23022114808","051601050001","B","40","6","70","1","1021","6"
"اردبيل ","001","002","23022867721","051605470000","B","40","6","60","1","1021","6"
"اردبيل ","001","002","23023015147","051606210000","B","40","6","100","1","1021","3.8999999999999999"
"اردبيل ","001","002","23022853756","051600710000","B","25","16","260","1","1021","16"
"اردبيل ","001","002","23022012012","051606130000","B","20","6","20","1","1021","6"
"اردبيل ","001","002","23021842521","051600290001","B","40","6","60","1","1021","6"
"اردبيل ","001","002","23022219162","051600200000","B","40","6","80","1","1021","6"
"اردبيل ","001","002","23022082676","051601410001","B","40","6","100","1","1021","6"
"اردبيل ","001","002","23021669987","051601480002","B","40","6","100","1","1021","6"
"اردبيل ","001","002","23022472926","051601680000","B","40","6","100","1","1021","6"
"اردبيل ","001","002","23021912007","051606250000","B","40","6","120","1","1021","4.7999999999999998"
"اردبيل ","001","002","23022113772","051601050000","B","40","6","70","1","1021","6"
"اردبيل ","001","002","23021304563","051601610002","B","40","6","70","1","1021","6"
"اردبيل ","001","002","23022471143","051601680002","B","40","6","100","1","1021","6"
"اردبيل ","001","002","23022470234","051601680003","B","40","6","100","1","1021","6"
"اردبيل ","001","002","23022744122","051606410000","B","40","10","140","2","1021","6.4000000000000004"
"اردبيل ","001","002","23023683190","051601250000","B","40","6","80","1","1021","6"
"اردبيل ","001","002","23023578076","051605230000","B","40","6","100","1","1021","3.8999999999999999"
"اردبيل ","001","002","23023384150","051601170000","B","40","6","59","1","1021","6"
"اردبيل ","001","002","23023499423","051606160000","B","40","10","164","2","1021","6.5999999999999996"
"اردبيل ","001","002","23023782216","051605990000","B","40","6","100","1","1021","3.8999999999999999"
"اردبيل ","001","002","23024475700","051601460000","B","40","6","75","1","1021","6"
"اردبيل ","001","002","23023065385","051609170000","B","40","6","50","1","1021","6"
"اردبيل ","001","002","23023659016","051605960000","B","40","6","100","1","1021","3.8999999999999999"
"اردبيل ","001","002","23024312607","051609200000","B","40","6","60","1","1021","6"
"اردبيل ","001","002","23023258970","051604200001","B","40","6","80","1","1021","6"
"اردبيل ","001","002","23023684225","051601250001","B","40","6","80","1","1021","6"
"اردبيل ","001","002","23024394476","051600500000","B","20","6","25","1","1021","6"
"اردبيل ","001","002","23023909768","051609020000","B","40","6","25","1","1021","6"
"اردبيل ","001","002","23024502307","051601060000","B","40","6","70","1","1021","6"
"اردبيل ","001","002","23023818800","051605900000","B","40","6","75","1","1021","3.2999999999999998"
"اردبيل ","001","002","23024641743","051605150000","B","40","6","85","1","1021","6"
"اردبيل ","001","002","23023635938","051605750000","B","40","6","100","1","1021","4.5"
"اردبيل ","001","002","23023687768","051605890000","B","65","10","150","1","1021","10"
"اردبيل ","001","002","23023698880","051605980000","B","40","6","100","1","1021","6"
"اردبيل ","001","002","23023537652","051606400000","B","40","6","50","1","1021","5.5"
"اردبيل ","001","002","23024161434","051608230000","B","40","6","30","1","1021","6"
"اردبيل ","001","002","23024636202","051600950000","B","40","6","70","1","1021","6"
"اردبيل ","001","002","23024455169","051604160001","B","40","6","65","1","1021","6"
"اردبيل ","001","002","23023612148","051605880000","B","40","6","50","1","1021","6"
"اردبيل ","001","002","23024477176","051601460001","B","40","6","75","1","1021","6"
"اردبيل ","001","002","23023416166","051601360000","B","40","6","60","1","1021","6"
"اردبيل ","001","002","23023859802","051605970000","B","40","6","100","1","1021","5.5"
"اردبيل ","001","002","23023685597","051601250002","B","40","6","80","1","1021","6"
"اردبيل ","001","002","23024504283","051601060001","B","40","6","70","1","1021","6"
"اردبيل ","001","002","23023257256","051604200000","B","40","6","100","1","1021","6"
"اردبيل ","001","002","23025786599","051600230001","B","40","6","80","1","1021","6"
"اردبيل ","001","002","23025398862","051600120002","B","40","6","70","1","1021","6"
"اردبيل ","001","002","23025784544","051600230000","B","40","6","85","1","1021","6"
"اردبيل ","001","002","23025386489","051602760001","B","40","6","75","1","1021","6"
"اردبيل ","001","002","23025987300","051601490000","B","40","6","70","1","1021","6"
"اردبيل ","001","002","23024858064","051605910000","B","40","6","110","1","1021","4.7999999999999998"
"اردبيل ","001","002","23025493252","051601430000","B","40","6","80","1","1021","6"
"اردبيل ","001","002","23025544548","051606430000","B","40","6","70","1","1021","6"
"اردبيل ","001","002","23025629292","051609130000","B","40","6","50","1","1021","6"
"اردبيل ","001","002","23026146200","051603760001","B","40","6","75","1","1021","6"
"اردبيل ","001","002","23025546071","051606430001","B","40","6","70","1","1021","6"
"اردبيل ","001","002","23025495886","051601430001","B","40","6","80","1","1021","6"
"اردبيل ","001","002","23025055682","051603450001","B","40","6","80","1","1021","6"
"اردبيل ","001","002","23025377243","051600080001","B","40","6","110","1","1021","6"
"اردبيل ","001","002","23025384729","051602760000","B","40","6","75","1","1021","6"
"اردبيل ","001","002","23025494220","051601430002","B","40","6","80","1","1021","6"
"اردبيل ","001","002","23026953543","051600330001","B","40","6","90","1","1021","6"
"اردبيل ","001","002","23027511408","051606440001","B","40","6","60","1","1021","6"
"اردبيل ","001","002","23027247190","051605870000","B","40","6","100","1","1021","5.0999999999999996"
"اردبيل ","001","002","23027774557","051605800001","B","40","6","90","1","1021","6"
"اردبيل ","001","002","23026636712","051601140000","B","40","6","70","1","1021","6"
"اردبيل ","001","002","23028279128","051601210002","B","26","6","60","1","1021","6"
"اردبيل ","001","002","23028280217","051601210000","B","40","6","70","1","1021","6"
"اردبيل ","001","002","23028281126","051601210001","B","40","6","70","1","1021","6"
"اردبيل ","001","002","23027772965","051605800000","B","40","6","105","1","1021","6"
"اردبيل ","001","002","23028078532","051602750000","B","40","6","90","1","1021","6"
"اردبيل ","001","002","23028080188","051602750001","B","40","6","90","1","1021","6"
"اردبيل ","001","002","23028081213","051602750002","B","40","6","90","1","1021","6"
"اردبيل ","001","002","23027138430","051605860000","B","20","6","20","1","1021","6"
"اردبيل ","001","002","23028619240","051603820001","B","40","6","90","1","1021","6"
"اردبيل ","001","002","23029504500","051601620002","B","40","6","70","1","1021","6"
"اردبيل ","001","002","23029500443","051601620000","B","40","6","70","1","1021","6"
"اردبيل ","001","002","23028482980","051600760000","B","40","6","29","1","1021","6"
"اردبيل ","001","002","23028652264","051605950001","B","40","6","90","1","1021","6"
"اردبيل ","001","002","23030056975","051604580000","B","40","6","80","1","1021","6"
"اردبيل ","001","002","23030058567","051604580001","B","40","6","80","1","1021","6"
"اردبيل ","001","002","23029401838","051606200000","B","40","6","80","1","1021","4.7999999999999998"
"اردبيل ","001","002","23028427142","051605570000","B","20","6","26","1","1021","6"
"اردبيل ","001","002","23028679985","051605400000","B","40","10","220","1","1021","6.0999999999999996"
"اردبيل ","001","002","23029503170","051601620001","B","40","6","70","1","1021","6"
"اردبيل ","001","002","23029146460","051606000000","B","40","6","100","1","1021","2.7000000000000002"
"اردبيل ","001","002","23029995262","051601500000","B","40","6","60","1","1021","6"
"اردبيل ","001","002","23029996692","051601500001","B","40","6","60","1","1021","6"
"اردبيل ","001","002","23028450996","051605410000","B","40","6","110","1","1021","2.3999999999999999"
"اردبيل ","001","002","23028421403","051605430000","B","40","6","100","1","1021","3.8999999999999999"
"اردبيل ","001","002","23029318142","051604570000","B","40","6","80","1","1021","6"
"اردبيل ","001","002","23029908189","051600660000","B","40","6","70","1","1021","6"
"اردبيل ","001","002","23029176057","051601160000","B","40","6","60","1","1021","6"
"اردبيل ","001","002","23028617716","051603820000","B","40","6","80","1","1021","6"
"اردبيل ","001","002","23028484345","051600760001","B","40","6","29","1","1021","6"
"اردبيل ","001","002","23029456000","051603170000","B","40","6","70","1","1021","6"
"اردبيل ","001","002","23028528213","051605420000","B","40","6","100","1","1021","5.4000000000000004"
"اردبيل ","001","002","23031283339","051603750001","B","40","6","65","1","1021","6"
"اردبيل ","001","002","23030081721","051601600000","B","40","6","65","1","1021","6"
"اردبيل ","001","002","23031036141","051603830000","B","40","10","130","2","1021","10"
"اردبيل ","001","002","23030926729","051605730000","B","40","6","90","1","1021","3.2999999999999998"
"اردبيل ","001","002","23031680074","051603070000","B","40","6","50","1","1021","6"
"اردبيل ","001","002","23031776588","051604520000","B","40","6","70","1","1021","6"
"اردبيل ","001","002","23030943770","051600700000","B","40","6","70","1","1021","6"
"اردبيل ","001","002","23031749550","051600820001","B","40","6","80","1","1021","6"
"اردبيل ","001","002","23031678713","051603070001","B","40","6","50","1","1021","6"
"اردبيل ","001","002","23031710614","051607340000","B","40","6","100","1","1021","6"
"اردبيل ","001","002","23031747800","051600820000","B","40","6","80","1","1021","6"
"اردبيل ","001","002","23030931749","051605520000","B","40","6","80","1","1021","5.7000000000000002"
"اردبيل ","001","002","23031668442","051600830000","B","40","6","60","1","1021","6"
"اردبيل ","001","002","23030945882","051603520001","B","40","6","60","1","1021","6"
"اردبيل ","001","002","23031674430","051603930001","B","40","6","65","1","1021","6"
"اردبيل ","001","002","23030571959","051600570000","B","40","10","140","1","1021","10"
"اردبيل ","001","002","23031207661","051603200001","B","40","6","80","1","1021","6"
"اردبيل ","001","002","23030878976","051603750000","B","40","6","40","1","1021","6"
"اردبيل ","001","002","23030880000","051605700000","B","40","6","90","1","1021","4.5"
"اردبيل ","001","002","23030945077","051603520000","B","40","6","60","1","1021","6"
"اردبيل ","001","002","23031280022","051600640000","B","40","6","40","1","1021","6"
"اردبيل ","001","002","23031206231","051603200000","B","40","6","60","1","1021","6"
"اردبيل ","001","002","23031159682","051604760001","B","40","6","75","1","1021","6"
"اردبيل ","001","002","23030212116","051605950000","B","40","6","80","1","1021","6"
"اردبيل ","001","002","23031208923","051603200002","B","40","6","60","1","1021","6"
"اردبيل ","001","002","23030218965","051605500000","B","40","6","90","1","1021","6"
"اردبيل ","001","002","23031446690","051605830000","B","20","6","15","1","1021","6"
"اردبيل ","001","002","23030167217","051605510000","B","40","6","90","1","1021","4.7999999999999998"
"اردبيل ","001","002","23031251866","051607220000","B","40","6","50","1","1021","6"
"اردبيل ","001","002","23030776307","051608690000","B","40","6","70","1","1021","6"
"اردبيل ","001","002","23033096876","051601710002","B","40","6","90","1","1021","6"
"اردبيل ","001","002","23033011270","051603390000","B","40","6","50","1","1021","6"
"اردبيل ","001","002","23033541659","051601610000","B","40","6","75","1","1021","6"
"اردبيل ","001","002","23033543309","051601610001","B","40","6","75","1","1021","6"
"اردبيل ","001","002","23031873501","051600360000","B","25","10","130","1","1021","10"
"اردبيل ","001","002","23031931625","051603740001","B","40","6","70","1","1021","6"
"اردبيل ","001","002","23031932997","051603740000","B","40","6","70","1","1021","6"
"اردبيل ","001","002","23032613292","051601340001","B","40","6","110","1","1021","6"
"اردبيل ","001","002","23032682290","051605450000","B","40","6","90","1","1021","3.8999999999999999"
"اردبيل ","001","002","23033012531","051603390001","B","40","6","50","1","1021","6"
"اردبيل ","001","002","23033449601","051600720001","B","40","10","160","2","1021","10"
"اردبيل ","001","002","23033093049","051601710000","B","40","6","90","1","1021","6"
"اردبيل ","001","002","23031967834","051605490000","B","40","6","90","1","1021","5.4000000000000004"
"اردبيل ","001","002","23032750526","051605460000","B","40","6","80","1","1021","5.7000000000000002"
"اردبيل ","001","002","23032611532","051601340002","B","40","6","110","1","1021","6"
"اردبيل ","001","002","23033225679","051603880000","B","40","6","80","1","1021","6"
"اردبيل ","001","002","23033094821","051601710001","B","40","6","90","1","1021","6"
"اردبيل ","001","002","23032609997","051601340000","B","40","6","110","1","1021","6"
"اردبيل ","001","002","23032030800","051607290000","B","40","6","60","1","1021","6"
"اردبيل ","001","002","23034871422","051604250000","B","40","6","80","1","1021","6"
"اردبيل ","001","002","23034016112","051605580000","B","20","6","0","1","1021","1.3999999999999999"
"اردبيل ","001","002","23034804470","051605370001","B","40","6","100","1","1021","6"
"اردبيل ","001","002","23034995704","051604270000","B","40","6","80","1","1021","6"
"اردبيل ","001","002","23034836000","051603980001","B","40","10","130","1","1021","10"
"اردبيل ","001","002","23034842519","051600670000","B","40","6","70","1","1021","6"
"اردبيل ","001","002","23034512563","051600960000","B","40","6","80","1","1021","6"
"اردبيل ","001","002","23035069190","051603560000","B","40","6","65","1","1021","6"
"اردبيل ","001","002","23034777941","051601010000","B","40","10","130","1","1021","10"
"اردبيل ","001","002","23035095082","051608400000","B","40","6","35","1","1021","6"
"اردبيل ","001","002","23035217568","051608790000","B","40","6","120","1","1021","6"
"اردبيل ","001","002","23034834703","051603980000","B","40","6","70","1","1021","6"
"اردبيل ","001","002","23033901096","051601020001","B","40","6","100","1","1021","6"
"اردبيل ","001","002","23035096344","051608670000","B","40","6","40","1","1021","6"
"اردبيل ","001","002","23035016393","051608740000","B","40","6","50","1","1021","6"
"اردبيل ","001","002","23035260400","051608750000","B","40","6","35","1","1021","6"
"اردبيل ","001","002","23033695811","051604320001","B","40","6","60","1","1021","6"
"اردبيل ","001","002","23035093490","051608890000","B","40","6","80","1","1021","6"
"اردبيل ","001","002","23035113307","051608720000","B","40","6","75","1","1021","6"
"اردبيل ","001","002","23035277035","051608880000","B","40","6","80","1","1021","6"
"اردبيل ","001","002","23034057862","051608240000","B","40","6","100","1","1021","6"
"اردبيل ","001","002","23033799846","051600540010","B","20","6","60","1","1021","6"
"اردبيل ","001","002","23035241347","051604510000","B","40","6","55","1","1021","6"
"اردبيل ","001","002","23034767386","051604560000","B","40","6","30","1","1021","6"
"اردبيل ","001","002","23035055115","051608650000","B","40","6","40","1","1021","6"
"اردبيل ","001","002","23033667985","051603890000","B","40","6","80","1","1021","6"
"اردبيل ","001","002","23034112806","051605210000","B","40","6","80","1","1021","3.2999999999999998"
"اردبيل ","001","002","23034985896","051601020000","B","40","6","120","1","1021","6"
"اردبيل ","001","002","23034812343","051603500000","B","40","10","160","2","1021","10"
"اردبيل ","001","002","23033737687","051605390000","B","26","6","15","1","1021","6"
"اردبيل ","001","002","23035015316","051608730000","B","40","6","75","1","1021","6"
"اردبيل ","001","002","23035001282","051608800000","B","40","6","120","1","1021","6"
"اردبيل ","001","002","23035026722","051605140000","B","40","6","120","1","1021","6"
"اردبيل ","001","002","23035002839","051608700000","B","40","6","80","1","1021","6"
"اردبيل ","001","002","23034984171","051601030000","B","40","6","120","1","1021","6"
"اردبيل ","001","002","23034845188","051601020050","B","40","10","200","2","1021","10"
"اردبيل ","001","002","23035090479","051608870000","B","40","6","80","1","1021","6"
"اردبيل ","001","002","23035092060","051609140000","B","40","6","70","1","1021","6"
"اردبيل ","001","002","23034810988","051603550000","B","40","6","23","1","1021","6"
"اردبيل ","001","002","23033819183","051603900000","B","40","6","100","1","1021","6"
"اردبيل ","001","002","23035125859","051608820000","B","40","6","45","1","1021","6"
"اردبيل ","001","002","23035259301","051608930000","B","40","6","35","1","1021","6"
"اردبيل ","001","002","23033955676","051605680050","B","40","6","90","1","1021","4.0999999999999996"
"اردبيل ","001","002","23036214364","051600600001","B","40","6","119","1","1021","4"
"اردبيل ","001","002","23035770817","051600840003","B","40","6","100","1","1021","3.2000000000000002"
"اردبيل ","001","002","23035764998","051600840000","B","40","6","100","1","1021","3.2000000000000002"
"اردبيل ","001","002","23035769149","051600840001","B","40","6","100","1","1021","3.2000000000000002"
"اردبيل ","001","002","23035771726","051600840004","B","40","6","100","1","1021","3.2000000000000002"
"اردبيل ","001","002","23035769501","051600840002","B","40","6","100","1","1021","3.2000000000000002"
"اردبيل ","001","002","23035471130","051601500002","B","40","6","60","1","1021","3.3999999999999999"
"اردبيل ","001","002","23036899304","051608950000","B","40","6","60","1","1021","3.7000000000000002"
"اردبيل ","001","002","23036175452","051600550000","B","40","6","100","1","1021","3.2000000000000002"
"اردبيل ","001","002","23036801389","051600210000","B","20","6","100","1","1021","3.7000000000000002"
"اردبيل ","001","002","23036536967","051601480003","B","40","6","80","1","1021","3.2000000000000002"
"اردبيل ","001","002","23036323240","051601280001","B","40","6","107","1","1021","3.7999999999999998"
"اردبيل ","001","002","23036323477","051601280002","B","40","6","107","1","1021","3.7999999999999998"
"اردبيل ","001","002","23038224624","051601250003","B","40","6","100","1","1021","3.7000000000000002"
"اردبيل ","001","002","23036942485","051602790000","B","40","6","80","1","1021","3.7000000000000002"
"اردبيل ","001","002","23036942906","051602790001","B","40","6","80","1","1021","4.2999999999999998"
"اردبيل ","001","002","23037140107","051605200000","B","40","6","60","1","1021","2.7999999999999998"
"اردبيل ","001","002","23037947554","051600430000","B","26","10","125","1","1021","6.2999999999999998"
"اردبيل ","001","002","23038271320","051601140001","B","40","6","70","1","1021","3.1000000000000001"
"اردبيل ","001","002","23038271498","051601140002","B","40","6","85","1","1021","4.2999999999999998"
"اردبيل ","001","002","23038293042","051608900000","B","23","6","110","1","1021","3.7000000000000002"
"اردبيل ","001","002","23037349291","051602470000","B","40","6","90","1","1021","5"
"اردبيل ","001","002","23037349586","051602470001","B","40","6","90","1","1021","5"
"اردبيل ","001","002","23036909529","051605850000","B","20","6","15","1","1021","0.6"
"اردبيل ","001","002","23036322910","051601280000","B","40","6","107","1","1021","3.7999999999999998"
"اردبيل ","001","002","23036377478","051603950000","B","40","6","80","1","1021","5"
"اردبيل ","001","002","23036818897","051609030000","B","40","6","80","1","1021","3.7000000000000002"
"اردبيل ","001","002","23038502270","051609070000","B","40","6","60","1","1021","1.6000000000000001"
"اردبيل ","001","002","23038912593","051600220002","B","40","6","100","1","1021","4.7999999999999998"
"اردبيل ","001","002","23038912651","051600220001","B","40","6","100","1","1021","3.7999999999999998"
"اردبيل ","001","002","23038822240","051605720000","B","40","6","42","1","1021","3.1000000000000001"
"اردبيل ","001","002","23038912710","051600220000","B","40","6","100","1","1021","3.7999999999999998"
"اردبيل ","001","002","23039284893","051600020000","B","25","10","90","1","1021","6.2999999999999998"
"اردبيل ","001","002","23040126404","051600530001","B","40","6","32","1","1021","2.7999999999999998"
"اردبيل ","001","002","23038995566","051605380000","B","20","6","70","1","1021","2.5"
"اردبيل ","001","002","23038781167","051604230001","B","40","6","95","1","1021","4"
"اردبيل ","001","002","23038747460","051605640000","B","40","6","80","1","1021","2.7999999999999998"
"اردبيل ","001","002","23039797416","051600920002","B","40","6","120","1","1021","3.7000000000000002"
"اردبيل ","001","002","23039795530","051606150050","B","20","6","18","1","1021","0.6"
"اردبيل ","001","002","23039797700","051600920003","B","40","6","120","1","1021","3.7000000000000002"
"اردبيل ","001","002","23039797879","051600920001","B","40","6","120","1","1021","3.7000000000000002"
"اردبيل ","001","002","23039796733","051600920000","B","40","6","120","1","1021","3.7000000000000002"
"اردبيل ","001","002","23040126041","051600470000","B","20","6","20","1","1021","0.4"
"اردبيل ","001","002","23040409175","051600950001","B","40","6","80","1","1021","3.7000000000000002"
"اردبيل ","001","002","23040410038","051600950002","B","40","6","80","1","1021","3.7000000000000002"
"اردبيل ","001","002","23039976978","051608840000","B","40","6","70","1","1021","3.1000000000000001"
"اردبيل ","001","002","23040126278","051600530000","B","40","6","32","1","1021","2.7999999999999998"
"اردبيل ","001","002","23040591512","051600580002","B","40","6","90","1","1021","3.2000000000000002"
"اردبيل ","001","002","23042081480","051602030000","B","65","25","400","1","1021","19.199999999999999"
"اردبيل ","001","002","23041054634","051602780001","B","40","6","80","1","1021","4.7000000000000002"
"اردبيل ","001","002","23041054702","051602780002","B","40","6","80","1","1021","4.4000000000000004"
"اردبيل ","001","002","23041172520","051602910000","B","40","6","90","1","1021","3.2000000000000002"
"اردبيل ","001","002","23041172756","051602910001","B","40","6","90","1","1021","3.2000000000000002"
"اردبيل ","001","002","23041175315","051607900000","B","40","6","100","1","1021","3.5"
"اردبيل ","001","002","23041166769","051604640000","B","40","6","60","1","1021","2.7999999999999998"
"اردبيل ","001","002","23041166827","051604640001","B","40","6","60","1","1021","2.7999999999999998"
"اردبيل ","001","002","23041169554","051601020002","B","40","6","100","1","1021","4.4000000000000004"
"اردبيل ","001","002","23041285621","051601730001","B","40","6","80","1","1021","3.2000000000000002"
"اردبيل ","001","002","23041173144","051602910002","B","40","6","90","1","1021","3.2000000000000002"
"اردبيل ","001","002","23041173202","051602910003","B","40","6","90","1","1021","3.2000000000000002"
"اردبيل ","001","002","23041517902","051603030001","B","40","6","108","1","1021","4"
"اردبيل ","001","002","23041518006","051603030002","B","40","6","108","1","1021","4"
"اردبيل ","001","002","23041200909","051600850002","B","40","6","100","1","1021","3.2000000000000002"
"اردبيل ","001","002","23041201681","051600850001","B","40","6","100","1","1021","3.2000000000000002"
"اردبيل ","001","002","23041488035","051600550001","B","40","6","90","1","1021","3.2000000000000002"
"اردبيل ","001","002","23041270452","051600040001","B","40","6","77","1","1021","3.7000000000000002"
"اردبيل ","001","002","23041167157","051604640002","B","40","6","60","1","1021","2.7999999999999998"
"اردبيل ","001","002","23041201002","051603050000","B","40","6","100","1","1021","3.2000000000000002"
"اردبيل ","001","002","23041201808","051600850000","B","40","6","100","1","1021","3.2000000000000002"
"اردبيل ","001","002","23041549249","051609160000","B","40","6","75","1","1021","3.1000000000000001"
"اردبيل ","001","002","23041270168","051600040000","B","40","6","77","1","1021","3.7000000000000002"
"اردبيل ","001","002","23041948097","051602780003","B","40","6","80","1","1021","4.7000000000000002"
"اردبيل ","001","002","23041175836","051607900001","B","40","6","100","1","1021","3.5"
"اردبيل ","001","002","23041619235","051600060000","B","20","6","80","1","1021","0.6"
"اردبيل ","001","002","23041866590","051603440001","B","40","6","12","1","1021","3.5"
"اردبيل ","001","002","23041866659","051603440000","B","40","6","120","1","1021","3.5"
"اردبيل ","001","002","23041941723","051600030000","B","25","16","100","1","1021","14.800000000000001"
"اردبيل ","001","002","23040587922","051600580000","B","40","6","90","1","1021","3.2000000000000002"
"اردبيل ","001","002","23040588026","051600580001","B","40","6","90","1","1021","3.2000000000000002"
"اردبيل ","001","002","23041617064","051600050000","B","40","6","80","1","1021","3.2000000000000002"
"اردبيل ","001","002","23041517834","051603030000","B","40","6","108","1","1021","4"
"اردبيل ","001","002","23042793527","051602460002","B","40","6","105","1","1021","4"
"اردبيل ","001","002","23042793469","051602460003","B","40","6","105","1","1021","4"
"اردبيل ","001","002","23043502428","051604650000","B","40","6","60","1","1021","2.7999999999999998"
"اردبيل ","001","002","23042754342","051601590002","B","40","6","80","1","1021","3.2000000000000002"
"اردبيل ","001","002","23043499725","051605750050","B","20","6","24","1","1021","0.9"
"اردبيل ","001","002","23042793753","051602460000","B","40","6","105","1","1021","4"
"اردبيل ","001","002","23043850628","051603060000","B","40","6","80","1","1021","3.2000000000000002"
"اردبيل ","001","002","23042754058","051601590001","B","40","6","80","1","1021","3.2000000000000002"
"اردبيل ","001","002","23043850796","051603060001","B","40","6","80","1","1021","3.2000000000000002"
"اردبيل ","001","002","23042793695","051602460001","B","40","6","105","1","1021","4"
"اردبيل ","001","002","23042753954","051601590000","B","40","6","80","1","1021","3.2000000000000002"
"اردبيل ","001","002","23043137323","051600120000","B","40","6","78","1","1021","3.2000000000000002"
"اردبيل ","001","002","23043036194","051604700000","B","40","6","100","1","1021","3.7000000000000002"
"اردبيل ","001","002","23043137491","051600120001","B","40","6","78","1","1021","3.2000000000000002"
"اردبيل ","001","002","23042407288","051601270001","B","40","6","80","1","1021","3.2000000000000002"
"اردبيل ","001","002","23042407346","051601270000","B","40","6","80","1","1021","3.2000000000000002"
"اردبيل ","001","002","23044718305","051609060000","B","40","6","55","1","1021","3.1000000000000001"
"اردبيل ","001","002","23044479296","051600130000","B","20","6","113","1","1021","3.7000000000000002"
"اردبيل ","001","002","23044853752","051605740001","B","40","6","75","1","1021","3.2000000000000002"
"اردبيل ","001","002","23045034591","051604740000","B","40","6","64","1","1021","3.3999999999999999"
"اردبيل ","001","002","23044853468","051605740000","B","40","6","75","1","1021","3.2000000000000002"
"اردبيل ","001","002","23045671802","051602500000","B","40","6","80","1","1021","3.7999999999999998"
"اردبيل ","001","002","23045671970","051602500001","B","40","6","80","1","1021","3.7999999999999998"
"اردبيل ","001","002","23044992510","051600010001","B","40","6","100","1","1021","3.2000000000000002"
"اردبيل ","001","002","23044992688","051600010002","B","40","6","100","1","1021","3.2000000000000002"
"اردبيل ","001","002","23044992972","051600010003","B","40","6","100","1","1021","3.2000000000000002"
"اردبيل ","001","002","23044993429","051600010004","B","40","6","100","1","1021","3.2000000000000002"
"اردبيل ","001","002","23045740479","051608350000","B","40","6","50","1","1021","3.1000000000000001"
"اردبيل ","001","002","23045836303","051605820000","B","25","16","40","1","1021","12"
"اردبيل ","001","002","23044992393","051600010000","B","40","6","100","1","1021","3.2000000000000002"
"اردبيل ","001","002","23044639810","051602800001","B","40","6","110","1","1021","3.7000000000000002"
"اردبيل ","001","002","23045618609","051600610000","B","25","16","20","1","1021","10.300000000000001"
"اردبيل ","001","002","23045423069","051605310001","B","40","6","100","1","1021","4"
"اردبيل ","001","002","23044639468","051602800000","B","40","6","110","1","1021","3.7000000000000002"
"اردبيل ","001","002","23045422807","051605310000","B","40","6","100","1","1021","4"
"اردبيل ","001","002","23045422502","051600640001","B","40","6","60","1","1021","2.7999999999999998"
"اردبيل ","001","002","23045583445","051604110000","B","40","6","110","1","1021","3.2000000000000002"
"اردبيل ","001","002","23045583671","051604110001","B","40","6","110","1","1021","3.2000000000000002"
"اردبيل ","001","002","23045583730","051604110002","B","40","6","110","1","1021","3.2000000000000002"
"اردبيل ","001","002","23046522208","051600550002","B","40","6","100","1","1021","4"
"اردبيل ","001","002","23046112859","051605600000","B","20","4","20","1","1021","0.6"
"اردبيل ","001","002","23047211577","051605860001","B","20","4","32","1","1021","0.9"
"اردبيل ","001","002","23046687414","051600790001","B","40","6","80","1","1021","3.5"
"اردبيل ","001","002","23046467607","051607900010","B","20","6","77","1","1021","0.6"
"اردبيل ","001","002","23045939292","051601150001","B","40","6","75","1","1021","3.3999999999999999"
"اردبيل ","001","002","23046012460","051603460001","B","40","6","100","1","1021","4"
"اردبيل ","001","002","23046012234","051603460000","B","40","6","100","1","1021","4"
"اردبيل ","001","002","23047493601","051601330001","B","40","6","105","1","1021","3.2000000000000002"
"اردبيل ","001","002","23047493485","051601330003","B","40","6","105","1","1021","3.2000000000000002"
"اردبيل ","001","002","23047493543","051601330002","B","40","6","105","1","1021","3.2000000000000002"
"اردبيل ","001","002","23047493770","051601330000","B","40","6","105","1","1021","3.2000000000000002"
"اردبيل ","001","002","23046687356","051600790002","B","40","6","80","1","1021","3.5"
"اردبيل ","001","002","23046148194","051600410000","B","20","10","136","1","1021","0.6"
"اردبيل ","001","002","23046012529","051603460002","B","40","6","100","1","1021","4"
"اردبيل ","001","002","23048167521","051604620002","B","40","6","98","1","1021","4.4000000000000004"
"اردبيل ","001","002","23048167690","051604620001","B","40","6","73","1","1021","3.7999999999999998"
"اردبيل ","001","002","23048384601","051601320000","B","40","6","113","1","1021","2.7999999999999998"
"اردبيل ","001","002","23048564551","051601700000","B","40","10","140","1","1021","3.7000000000000002"
"اردبيل ","001","002","23047675143","051600640002","B","40","6","60","1","1021","4.7000000000000002"
"اردبيل ","001","002","23049049512","051601190001","B","40","6","69","1","1021","3.2000000000000002"
"اردبيل ","001","002","23049049749","051601190002","B","40","6","69","1","1021","3.2000000000000002"
"اردبيل ","001","002","23049093206","051602510000","B","40","6","106","1","1021","3.7999999999999998"
"اردبيل ","001","002","23049093364","051602510001","B","40","6","106","1","1021","3.7999999999999998"
"اردبيل ","001","002","23048841357","051603090000","B","40","6","75","1","1021","2.7999999999999998"
"اردبيل ","001","002","23048841415","051603090001","B","40","6","75","1","1021","2.7999999999999998"
"اردبيل ","001","002","23048841583","051603090002","B","40","6","75","1","1021","2.7999999999999998"
"اردبيل ","001","002","23049908607","051600210001","B","25","16","69","1","1021","10.300000000000001"
"اردبيل ","001","002","23049450880","051603770001","B","40","6","103","1","1021","3.2000000000000002"
"اردبيل ","001","002","23049650919","051602800002","B","40","6","110","1","1021","3.7000000000000002"
"اردبيل ","001","002","23049450948","051603770002","B","40","10","139","1","1021","3.2000000000000002"
"اردبيل ","001","002","23049753397","051600610001","B","20","6","59","1","1021","2"
"اردبيل ","001","002","23049751637","051600610002","B","40","6","86","1","1021","3"
"اردبيل ","001","002","23049651012","051602800003","B","40","6","110","1","1021","3.7000000000000002"
"اردبيل ","001","002","23050143567","051603390002","B","40","6","81","1","1021","3.7000000000000002"
"اردبيل ","001","002","23050144181","051603390003","B","40","6","81","1","1021","3.7000000000000002"
